CustID,Name,Age,Address,Salary
1,Judy Benitez,71,461 Barbara Park
Lake Susanbury AZ 10728,5042.95
2,Natalie Carlson,82,68131 Emily Corner
North Andrew MN 36369,3459.77
3,Jennifer Hughes,48,51608 Stephanie Prairie
East Morgan MN 19900,5441.17
4,Bethany Harvey,72,0165 Oneal Burgs Suite 887
Bankstown IN 55921,2614.1
5,Brittany Davis,52,06306 Walker Station Apt. 693
Lake Melissa MD 83338,2800.35
6,Stacy Watson,29,9414 April Extension
Maynardborough AZ 22629,8380.99
7,Phillip Arnold,70,5565 Richard Land Suite 051
Andrewborough WV 18656,1213.23
8,Cheryl Richards,36,Unit 5538 Box 1418
DPO AE 73759,4729.52
9,Derrick Khan,44,97331 Michele Hills Apt. 995
Wongchester NH 52839,6097.77
10,Nicole Smith,20,097 Joshua Valley Apt. 028
Port Glennshire VI 11580,2045.92
11,Michael Wiley,93,8654 Brandi Summit
Fletcherfurt ND 29175,6005.64
12,Christina White,90,8690 Gonzalez Tunnel Suite 991
New Troymouth ME 13156,1005.88
13,Aaron George,21,206 Nicholas Coves Suite 372
West Michaelstad MP 74426,2900.35
14,Amanda White,23,689 Camacho Estate Apt. 693
Taylorhaven NV 32106,1285.13
15,Cody Miller,72,940 Cole Mountains
West Allen DC 50708,9778.82
16,Adam Hawkins,97,357 Amanda Prairie
South Davidshire ND 79270,2438.19
17,Crystal Porter,36,4987 Yang Mews
Muellerfurt DC 51739,6359.0
18,Victoria Dean,27,4266 Webb Plain Suite 205
Port Jessicachester CO 36967,5221.37
19,Vanessa Wyatt,38,USCGC Knight
FPO AP 89250,4148.99
20,John Sims,40,Unit 2301 Box 3309
DPO AE 13836,5474.71
21,Jessica Baker,91,762 Sanders Mills
Hollyton GA 38761,3064.31
22,Sean Stewart,83,529 Perry Shoal
West Leslieland IN 08549,7150.46
23,Beth Barber,48,6846 Kevin Pine
Nataliebury NH 67642,1352.0
24,Nancy Robertson,87,2409 Scott Rapid
Jennaside WV 94345,2251.24
25,Carly Reynolds,49,08871 Smith Knoll
Donnatown MH 96754,2204.99
26,Paige Lynch,30,9636 Shelton Lane
Hilltown DC 42286,8559.12
27,Carol Evans,78,25575 Rebecca Wall
Odonnellbury FL 02712,1289.93
28,Kevin Ryan,31,5497 David Streets Apt. 153
Coffeyhaven KS 89128,9300.34
29,Robert Sanchez,31,2272 Mike Pike
North Dalebury AS 09929,9448.37
30,Christopher Armstrong,42,937 Beck Manor
North Tiffany NY 39499,3867.51
31,Kristen Hardy,43,9385 William Stravenue Suite 010
West Kelly NV 70763,1476.63
32,Matthew Mclaughlin,39,8733 Evans Mountains
West Kelly MO 16258,7830.16
33,Amy Osborne,36,014 Taylor Court Apt. 699
Port Amanda NY 96718,1828.23
34,Deborah Massey,48,420 Brittney Roads
East Kimberly MP 50960,1180.47
35,Kelsey Anderson,19,772 Rice Field Apt. 887
North Jonathan CT 73833,8049.18
36,Benjamin Terry,42,0891 Vanessa Hollow
Nathanburgh WA 71557,9398.14
37,Tracey Mcconnell,95,USNV Ortiz
FPO AP 30026,2048.01
38,Angela Reynolds,42,3281 Cohen Roads
West Timothy MT 86320,9047.97
39,Kimberly Brown,55,Unit 9529 Box 2018
DPO AA 98220,9701.11
40,Scott Daniel,67,8953 Emily Manor Apt. 074
East Joannashire TX 39685,4950.99
41,Juan Martin,98,760 James Knoll
West George OH 28465,8285.56
42,Sally Smith,18,4295 Joseph Island
East Thomas SC 79039,7314.38
43,Bethany Thomas,82,4590 Campbell Pine Apt. 843
North Ernesthaven AK 78366,1140.28
44,Stacey Weaver,77,0292 Elizabeth Pike Suite 993
New Devonborough MH 23354,9750.21
45,Jeff Schmidt,83,563 Reeves Square
Lake Dawnshire SD 36510,1378.09
46,Margaret Scott,87,USS Nelson
FPO AP 84396,1141.34
47,Darren Murphy,18,5014 Alexander Haven
Scottstad AL 58018,3160.99
48,Rachel Williams,90,4892 Marshall River Suite 547
South Ginastad WY 48356,1410.85
49,Brenda Jackson,97,10960 French Forges
Castilloport OK 09972,5793.7
50,Dana Kerr,31,980 Randall Plains
Lake Bruce AS 92984,2264.54
51,David Byrd,60,820 Hurley Neck Apt. 931
South Dawn VI 28284,3745.07
52,Justin Franklin,55,54144 Martinez Place Apt. 590
South Patriciaborough TN 83430,9437.27
53,Jesse Thomas,54,57495 Carter Rapid Apt. 981
Butlerside PW 48456,2579.29
54,Shelby Stevens,44,67509 Michael Hills
Jamesburgh CO 35864,7101.76
55,Donna Owens,84,76767 Joseph Crossing
East Benjaminmouth AR 48582,5776.31
56,Joshua Miller,21,805 Callahan Pass Suite 876
Lake Kathy UT 79106,5612.04
57,Matthew Wilson,22,0172 Guzman Corners Apt. 042
Santanabury AZ 77500,8421.36
58,Ryan Daniels,78,816 Desiree Cliffs
New Ronaldview GA 80658,5113.46
59,Natalie Maddox,50,98092 Christine Mission Suite 590
Weaverborough MI 22795,3959.41
60,Tiffany Zimmerman,83,575 Brian Road
East Brettchester VA 96219,6979.79
61,Jodi Wilkinson,85,2113 Mcdowell Camp Suite 071
Ayersbury RI 50141,5019.68
62,Kristopher Lloyd,60,0011 Stephanie Shore
Abbottton TX 56819,6685.93
63,Courtney Savage,58,813 Deborah Trace
South Jill KY 02508,1342.02
64,Robert George,46,8551 Lewis Station
Mariostad MI 89744,1028.1
65,Gary Cervantes,64,5873 Oliver Roads
Eduardoton SC 81481,2650.2
66,Paul Mccarthy,57,416 Tyler Way
West Ryanburgh MI 13987,5133.48
67,Craig Anderson,59,USNV Cunningham
FPO AE 20390,2538.32
68,Joshua Mclean,28,5147 Browning Center
Glassside NE 19799,6540.5
69,Brandon Moore,96,754 Merritt Islands
East Tiffany MT 15236,7135.12
70,Nicholas Thomas,98,218 Hall Plain
Vanessamouth PR 14236,6729.74
71,Nicole Petersen,22,Unit 3536 Box 5154
DPO AP 12824,8700.25
72,Stephanie Acevedo,37,253 Lori Isle
Howellstad KY 47760,2972.46
73,Philip Ellis,70,8114 Mario Extensions Apt. 781
Carpentershire MI 94610,1574.19
74,Andrew Odonnell,48,Unit 1005 Box 3160
DPO AP 05639,7503.16
75,Cheryl Gomez,70,108 Christina Parkways
North Courtneyside AS 23241,6613.57
76,Chad Skinner,22,291 Danny Manors
Moyerberg CA 95410,3786.28
77,John Morris,85,86133 Sean Passage Suite 593
New David SC 26411,5657.38
78,Thomas Parker,53,97289 Ferguson Divide
Floydport GA 95778,6329.27
79,Emily Ortiz,80,4440 Christopher Courts Suite 455
Hillborough MS 35485,1047.52
80,Brooke Barrera,34,4495 Amber Path Suite 610
Pittmanton MI 18534,7175.54
81,Ronald Black,77,714 Renee Loaf Suite 745
New Richard AL 06983,4953.65
82,Kimberly Hicks,85,08286 Timothy Gateway Apt. 015
West Anthony NH 99356,6365.89
83,Amanda Mendoza,100,USCGC Hoffman
FPO AE 75918,7467.73
84,Justin Baker,39,471 Middleton Highway Apt. 185
North Michele MT 72773,7208.96
85,Benjamin Brown,73,380 Brent Flat
Jaredton DC 27424,3235.76
86,Elizabeth Guzman,56,82390 Rubio Course
Lake Tylerside SC 42779,2998.96
87,Jennifer Edwards,76,PSC 0087 Box 3063
APO AP 38706,8381.62
88,Carrie Ramirez,86,153 Alicia Cliff Suite 982
Jesseview LA 23397,7979.91
89,Sara Sanders,72,946 Murphy Drive Apt. 745
South Amber MH 72701,3507.5
90,Lauren Duffy,73,390 Duncan Village
Amandatown NE 31903,9513.92
91,Lauren Douglas,66,PSC 6450 Box 0707
APO AA 52898,8577.65
92,Ralph Friedman,55,USNV Espinoza
FPO AA 91407,8222.04
93,Anthony Hamilton,28,297 Perkins Islands
New Lindsay IL 66632,3482.15
94,Rodney Garza,88,451 Charles Centers
Port Tony NV 51661,2064.45
95,Anthony Murillo,54,44343 Barron Fords
Lake Matthewborough OH 77765,2828.04
96,Jonathan Haas,36,USCGC Walsh
FPO AP 06089,5404.08
97,Andrea Johnson,91,7729 Katie Turnpike Apt. 772
West William MO 51512,6788.68
98,Leah Patrick,85,7680 Jennifer Turnpike
South Amyport MO 14775,7982.42
99,Nancy Lee,31,2636 Robinson Locks Suite 712
Lisaview CT 24421,2922.45
100,Phyllis Stewart,84,6971 Gonzalez Forge Suite 985
Lake Tonya UT 79653,8512.69
101,Ronald Rivera,86,0853 Calderon Forest Apt. 409
New Alexander AK 99602,2462.4
102,Alexander Johnson,58,632 Powell Springs
West Amyview NE 64619,1602.88
103,Eric Lee,22,93224 Jeffrey Roads Suite 387
North Jason AS 17442,9981.83
104,Michael King,92,85242 Tonya Vista Apt. 956
New Kevinview MD 21733,4186.38
105,Tammy Phillips,90,71228 Espinoza Square Apt. 998
West Albert NY 18358,5843.08
106,Destiny Marquez,20,35383 Kimberly Vista Apt. 083
Lake Jamesberg WA 36644,3069.47
107,Victoria Coleman,55,01796 Chavez Stravenue
Tiffanymouth MI 81301,5992.47
108,Jennifer Ramirez,86,410 Hicks Pines
Port Jimmymouth OH 23889,1130.13
109,Todd Williams,83,67076 Alisha Expressway Suite 727
Oliverhaven MN 64581,1019.93
110,Michelle Garcia,89,9609 Hutchinson Underpass Suite 757
Port Desireeshire AK 20958,8104.78
111,Joy Cooper,96,2343 Hopkins Estate Suite 165
Tammyburgh NC 74892,3095.75
112,Jeffrey Patel,57,91812 Lang Cliffs Suite 891
New Aaron MH 97419,9512.97
113,Lindsay Williams,75,773 Olson Port Apt. 669
North Michaelhaven GU 35691,7241.33
114,William Harvey,64,6156 Angela Spurs
Wiseport AS 53747,5128.37
115,Mike Olson,52,2758 Derek Meadow
East Robertton FL 48151,5605.38
116,Gregory Cooper,66,08623 Drew Mountains
Alexandershire WA 26008,4402.29
117,Alexis Miller,96,08154 George Hills Apt. 753
Port Jonathanburgh ND 46990,7717.99
118,Francisco Miller,61,PSC 1142 Box 5695
APO AE 44195,4887.6
119,John Sullivan,65,655 Cheryl Walks Apt. 918
Ayalaview NJ 38620,2503.48
120,Savannah Fuller,79,5027 Long Glens
Leeview WI 35905,1043.22
121,Donna Taylor,63,PSC 9335 Box 4191
APO AP 32009,5887.67
122,Samantha Ramos,79,37231 Michelle Pike
Meganborough WY 40047,9224.53
123,Donald Smith,21,Unit 2179 Box 5806
DPO AE 46217,9608.9
124,Kyle Mueller,88,5989 Corey Locks
South Robert DC 25922,8650.67
125,Tina Hernandez,66,0749 Morris Crest Apt. 115
Deniseton WI 55494,7143.87
126,Aaron Dennis,60,1255 Jody Mountains Apt. 409
Nolanchester MD 18297,5811.0
127,Felicia Wiley,22,5087 Stephanie Knoll
Pedroview IA 15702,3666.8
128,Jasmine Thompson,99,41513 Eric Ports
North Antoniobury MH 83763,4704.51
129,Jamie Bell,44,324 Foster Land
New Heatherberg PR 08895,2536.14
130,Nathan Johnson,78,514 Kerr Shoals Apt. 970
North David WV 57163,7892.76
131,Alyssa Jones,99,PSC 1889 Box 5209
APO AA 25020,7885.3
132,Brian Nicholson,50,7082 Higgins Plains Apt. 638
North Stephen AR 20146,8553.88
133,Ana Lynch,95,75393 Jill Burgs Apt. 849
Lake Rachael AL 46608,5277.16
134,Samantha Burns,62,Unit 5386 Box 0533
DPO AE 24599,7919.84
135,Nathan Villarreal,76,Unit 4102 Box 8536
DPO AA 82700,3864.63
136,Charles Watkins,100,06226 Marsh Turnpike Apt. 165
Stevenview NY 34782,4707.64
137,Shannon Clark,19,59231 Natalie Meadow
Jacobsland VI 22488,9207.2
138,Brianna Guerrero,68,53698 Natalie Spurs Suite 559
North Debrafort RI 59996,5951.39
139,Joanne Lopez,84,1966 Woods Run Suite 992
North Christopher VI 55700,2973.43
140,Michelle Moore,87,961 Christina Knoll Suite 006
Pamelaview LA 32388,2085.04
141,Angela Carter,78,07687 Brian Ridges
Douglasville AS 74314,1250.03
142,Sherry Shields,24,9553 Chad Green
Patelfort SC 29297,3170.58
143,Betty Williams,29,372 Joseph Terrace
Smithbury MS 33599,7447.77
144,Brad Taylor,94,384 Wright Groves Apt. 716
New Deborah SC 42021,5566.29
145,Kevin Butler,22,3478 James Ways
New Elizabethville MP 59027,8923.63
146,Patrick Huber,42,07977 Chelsea Gardens Suite 736
Maryville TX 88082,4849.96
147,Katherine Phillips,26,330 Berry Mount
South Cheryl NM 82090,3095.45
148,Karen Wolfe,34,97317 Floyd Turnpike Apt. 617
Mooreshire MP 13146,3605.27
149,Henry Williams,70,34175 Osborne Meadow
Lake Gary PA 35387,5437.32
150,Susan Ferrell,19,69643 Fitzgerald Port Apt. 650
Ashleymouth LA 07734,4639.05
151,Elizabeth Wolfe,78,PSC 2867 Box 4655
APO AP 89259,4766.5
152,Jennifer Gonzales,87,81334 Mcdaniel Hollow Suite 513
East Marilyntown NE 26156,8678.91
153,Kim Rollins,54,2454 Mike Forest Suite 639
Baileyfort OR 83713,1252.96
154,Terri Glenn,76,0239 James Mews Suite 105
Port Carlyland NY 71741,3908.48
155,Eric Murray,53,48979 Garza Shores Apt. 682
Chelseaview FL 73124,3485.91
156,Pam Davis,65,7332 Nathan Cove
Colinbury MO 42886,6851.23
157,Justin Kerr,93,89795 Brian Underpass Suite 667
Dickersonport NE 54814,1533.9
158,Alison Walton,81,965 Elizabeth Place Apt. 951
West Kevin PR 01486,7929.53
159,Emily Mason,90,7380 Ross Stream Suite 828
Whitechester GA 97158,7191.12
160,Tony Bishop,96,84851 Todd Ramp Suite 186
West Christophertown MP 81910,3574.7
161,Jordan Peterson DDS,92,PSC 2193 Box 8605
APO AE 42939,2087.98
162,Austin Brown,93,758 Lori Square
West Cameron MA 34669,7945.39
163,Heather Monroe,26,739 Ramos Pines Apt. 561
Michaelburgh FL 48043,7445.24
164,Paul Boyd,25,53843 Marisa Mountains
Rodgersmouth VT 84402,1255.11
165,Brandon Anthony,63,0300 Baker Lights
East Ashley WV 80707,5837.31
166,Kyle Moore,27,580 Lawrence Fords
West Ruth WV 81581,7277.55
167,Erika Campos,56,4823 Graves Manor
Thomasmouth CO 15751,5840.01
168,Kelly Short,78,695 Sean Ports Suite 933
New Earlfort WI 93405,8436.6
169,Benjamin Taylor,98,1097 Christina Crossroad Suite 371
Martinezside AZ 84941,1215.19
170,Alexandra Wilson,43,241 Ortiz Branch
Lake Lisastad VI 44736,4683.91
171,Mark Davidson,100,498 Aaron Light
Quinnport HI 04142,3860.79
172,Danielle Warren,95,682 Berry Rapids
Josephshire ND 87618,1499.92
173,Luke Hudson,37,3116 Joshua Park Suite 597
East Debbie CO 80175,4304.51
174,Samuel Ferrell,82,3130 Andrea Causeway Apt. 566
Courtneyshire DE 15149,5523.99
175,Lisa Wallace,68,7054 Perez Fords Apt. 784
Norrisberg OK 23511,9100.83
176,Matthew Price,91,385 Jay Locks
Meyermouth NH 86670,1087.57
177,Marc Howell,81,72273 Jessica Common
Lake Christinaburgh HI 43141,1009.31
178,John Brewer,77,57065 Christopher Groves
Williamshire CO 06898,8395.81
179,Kimberly Smith,97,99806 Smith Field Suite 798
South Danielchester NJ 67506,4329.82
180,Larry Olson,87,6338 Courtney Courts Suite 859
Carrollland DE 06529,3975.85
181,Michelle Jackson,76,818 Williams Heights Apt. 955
Port Matthewfurt NC 97211,4016.09
182,Dana Orr,69,034 Sean Stream
Wareside TN 43169,9056.79
183,Erik Harris,85,27461 Lopez Mission Suite 460
Nicoleborough NY 17599,6697.56
184,Thomas Rogers,66,07417 Brown Island
Ryanshire TN 94321,4001.37
185,Thomas Lindsey,68,32361 Brown Key
New James SD 52517,9634.46
186,Michael Allison,97,75297 Derek Villages
South Matthew CA 98751,9689.23
187,Joseph Mccormick,50,642 Mcdaniel Course
Raymondtown TX 14258,7441.07
188,Melanie Johnson,85,9917 Summers Vista Suite 411
East Jamesville DE 14794,2576.4
189,Wanda Sanchez,21,PSC 1458 Box 0159
APO AA 17522,6434.53
190,Stacey Olson DDS,69,56077 Julie River Suite 369
Denisestad FM 57227,8004.41
191,Christina Schneider,98,43047 Paul Ways Suite 219
South Christineside OH 26632,9988.06
192,Derrick Estrada,98,PSC 1331 Box 0001
APO AA 68636,9918.44
193,Rachel Parrish,29,10694 Daniel Cove
Torresbury DC 76288,4629.06
194,Crystal Huffman,34,3304 Christy Hollow
Lake Jasonburgh ID 38592,5912.82
195,April King,22,251 Sarah Rapid
East Evantown PR 05277,2177.71
196,Benjamin Hernandez,97,6533 Walker Burgs Apt. 556
Lake Lisahaven NH 08394,4739.8
197,Pamela Morris,95,734 Kenneth Bypass
Hubbardmouth GU 16771,1604.1
198,Seth Oliver,82,9904 Michelle Square Apt. 436
North Johnny NH 80966,6870.85
199,Michael Wilson,34,95063 Dawn Cape Suite 678
East Karen OK 40081,9015.08
200,Amber Sellers,75,PSC 2221 Box 9835
APO AP 82206,9703.49
201,Carla Williams,60,65300 Saunders Mountain Suite 002
Kellychester AL 69925,9275.94
202,Susan Castro,44,18439 Bernard Brook
Leonardstad FL 44666,9619.58
203,Jeffrey Ortiz,69,USCGC Stewart
FPO AE 48414,4562.6
204,Antonio Collins,32,244 Hill Ferry
Karenfurt MP 78610,2712.32
205,Veronica Brown,88,1904 Elliott Burg Suite 787
Weaverburgh IN 08549,1128.12
206,Heidi Garcia,71,USNV Lozano
FPO AP 70959,6917.47
207,Brandon Hudson,94,84077 Austin Estates Suite 356
Julialand NY 95230,9342.54
208,Alexander Day,48,3070 Shawn Oval Apt. 172
North Michellechester DE 35164,7953.95
209,Lisa Wagner,91,74233 Garcia Village
Millerchester HI 52266,7321.87
210,Julie Morgan,100,Unit 7650 Box 2867
DPO AP 55041,6912.09
211,Jeremy Moore,79,33248 Robert Forest Suite 019
New Ryanview PW 52003,5773.34
212,Gary Hill,61,USNS Henderson
FPO AP 83222,4221.17
213,Chelsea Burnett,25,952 Lin Meadows Apt. 544
Schneiderburgh SD 09724,6410.93
214,Janet Perez,61,946 Davis Vista
South Stacyberg MD 17307,3595.56
215,Antonio Pugh,98,USCGC Mclaughlin
FPO AA 77340,3470.5
216,Christina Bell,78,312 Pamela Drives Suite 317
North Maureen WY 78508,8540.58
217,William Houston,46,28913 Jackson Square Apt. 413
Roymouth UT 65321,6381.03
218,Joann Bullock,32,5873 Hansen Camp Suite 123
East Kennethview AK 26495,8774.06
219,Nicole Bond,41,9315 Michael Vista Suite 931
East Scottfurt MT 55004,3919.47
220,Jason Roberts,96,07912 Lisa Views
Savagefurt WA 35453,1464.5
221,Mary Martinez,72,0801 Chaney Plaza Suite 318
East Samanthaland UT 13617,2069.8
222,Jeremy Evans,41,556 Pamela Streets Suite 806
Michaelburgh AK 00682,1025.29
223,Diane Wells,21,9822 Sanchez Well Apt. 296
Lake Belindaview FM 00712,3943.89
224,Ricky Lutz,94,41039 Cortez Ports
Ashleymouth GU 40245,3719.07
225,William Holland,41,4364 White Crossing Suite 257
Medinafurt NE 05222,3085.87
226,Alicia Allen,89,8517 Lowe Court
Kochfort WA 98286,8828.33
227,Michael Chavez,43,684 Craig Mills Suite 961
Port Ashleychester AR 86358,2086.66
228,Brian Lewis,39,PSC 3254 Box 2286
APO AA 26249,9538.6
229,Vicki Mcmahon,42,1127 Torres View
Lewismouth VT 82788,1253.18
230,Heidi Thomas,38,USS Martin
FPO AE 42898,7696.54
231,Ryan Lee,61,769 Fowler Rue Suite 868
Aaronfurt FM 43786,5994.36
232,William Carr,40,1502 Kim Square Suite 619
Carlview VI 36700,8599.29
233,Bradley Rivera,47,6097 Tony Inlet
Hayesborough NE 88492,1203.06
234,Ronald Collins,24,67332 Medina Junctions
North Diana SD 11390,3958.26
235,Luke Potts,59,69669 Gallagher Expressway Suite 278
Johnside MI 97124,5305.04
236,Bryan Brady,32,9413 Sarah Field Suite 278
Allenport PW 36221,9099.59
237,Amanda Bell,93,13591 Ramirez Street Apt. 943
Diamondchester MI 80656,4771.95
238,Patricia Lane,95,105 Benjamin Isle Suite 323
South Davidton NY 90801,3566.37
239,Sandra Mendoza,71,2653 Lane Wall Suite 231
North James MH 04811,9406.82
240,Ricky Gentry,22,87812 Edwards Well Apt. 237
North Dylanstad DE 72999,5810.54
241,Mary Woods,50,8564 Michael Dam
Tommyshire ME 29804,8097.03
242,Julie Johnson,63,725 Chambers Estates Suite 659
Lake Jill AZ 26308,3136.91
243,Alan Diaz,96,Unit 9954 Box 1640
DPO AE 27759,2133.1
244,Rachel Gibbs,18,378 Alicia Park
Kimberlyfort ID 09746,3292.19
245,Cheryl Long,37,5465 Logan Curve Suite 396
North Andrew NC 61586,3507.74
246,Jose Ward,100,76824 Cook Heights Apt. 774
Pittmanfurt ME 08221,9025.02
247,Sheila Butler,41,42361 Mary Mount Apt. 960
North Matthew WV 22885,3183.84
248,Catherine Carr,51,Unit 5800 Box 0390
DPO AE 86048,1120.84
249,Jennifer Gutierrez,96,96500 Salinas Burg
Perezview PR 97627,3183.61
250,Mr. Anthony Cherry,98,USNV Jones
FPO AA 45225,9736.84
251,David Mcfarland,98,8454 Susan Haven
Lake Chad KY 78382,9627.1
252,Lauren Walsh,80,497 Lauren Unions
Carolynstad DE 23989,1089.52
253,Elizabeth Lane,47,36172 Alexandra Motorway
Philipmouth TX 38773,3440.58
254,Eric Harrison,91,635 Zuniga Lane Suite 890
South Christinaville ID 57681,9537.46
255,Brian Scott,23,5557 Stephen Springs
East Dylan WI 72075,5658.37
256,Caleb Caldwell,71,66247 Teresa Locks Apt. 487
East Cody WA 71441,8535.72
257,Yvonne Harris,49,56805 Davidson Street
Atkinsbury MD 99676,8171.24
258,John Vega,27,3695 Berry Shores Apt. 019
West Samuel AL 35530,9410.85
259,Ricky Cannon,99,684 Young Mountain Suite 968
New Tamihaven VI 03992,3110.32
260,John Poole,65,823 Brown Prairie
Garyview CT 19712,2395.46
261,Laurie Wells,66,USNV Romero
FPO AA 09688,4021.85
262,Brian Simmons,85,92960 White Port Suite 849
Jensenview WA 55036,9043.99
263,Natalie Griffin,79,83599 Singleton Key
Rebeccachester NM 86672,5066.87
264,Barbara Bass,26,073 Lynn Glen
Whitneyside UT 44860,9741.23
265,Renee Hall,58,9147 Anne Radial
Lake Jennifer IN 77429,4128.6
266,Joseph Sharp,74,122 Daniel Mission
East Jadeland IA 73747,8033.26
267,Wanda Watson DVM,67,330 Robertson Divide Apt. 882
Brownton AZ 45655,6073.76
268,Alexandra Brooks,34,77104 Rodriguez Club
Nicholasshire OH 24942,8895.01
269,Bryan Williams,66,665 Yolanda Ridges
West Joshua GU 98158,2492.4
270,Daniel Baker,19,58883 Joshua Port Apt. 603
East April MS 37120,8178.7
271,John Ryan,94,87819 Gilbert Manors Suite 974
Davidmouth AL 27260,3604.31
272,Sarah Simmons,79,68589 Crystal Underpass Suite 741
Kiddton OH 35279,5366.61
273,Kelly Moore,48,0889 Denise Avenue Apt. 981
Jasonport NJ 55747,3849.65
274,Ryan Sanders,44,082 Salazar Forges
North Christystad NJ 60907,4899.91
275,Sherry Hodge,34,2888 Martin Junction
Dylantown MA 32003,3386.81
276,Daniel Andersen,61,572 Fields Expressway Apt. 483
Port Jennifer FM 01348,8125.77
277,Judy Hernandez,46,793 Ferguson View
Gardnermouth OK 59758,6357.88
278,Margaret Knox,74,19116 Becky Squares
Port Shaunborough NV 26780,2224.38
279,Jillian Porter,34,60518 Sims Drive Suite 396
East Kevin PW 72666,7448.81
280,Heidi Jones,58,5714 Tyler Pass
Port Kaitlin TN 55147,4768.85
281,Brittany Bates,84,0613 Gay Lights
Caseystad FL 17234,6367.59
282,Francisco Blankenship,39,1689 Arnold Meadows
Barnesmouth IL 17043,2826.61
283,Mark Gill,80,355 Stephen Vista
Ericport UT 63538,3119.74
284,Kyle Park,50,70887 Clayton Views Suite 223
Transtad IN 62707,7844.57
285,Lisa Peterson,20,555 Gregory Harbors
Derrickmouth UT 02058,3102.72
286,Julie Wilson,40,181 Marvin Street Suite 321
Dominicland NJ 08092,3328.91
287,Brandon Mcclure,27,01579 Jones Shore Suite 987
Maryburgh OH 60736,8419.13
288,Sandra Gross,66,587 Dixon Prairie
Daviesstad AZ 58484,5018.01
289,April Lewis,60,54559 Allison Corner
Duranstad OH 73890,9456.87
290,Brent Jones Jr.,56,371 Douglas Port Apt. 249
North Gregborough ND 54433,4769.82
291,Elizabeth Carlson,42,85628 Williams Stream Apt. 087
Jessicaville IA 80657,6823.79
292,Olivia Weaver,81,65043 Bonnie Fords Apt. 450
Port Andrew WI 63235,8112.62
293,Jessica Burke,64,6299 Burnett Divide Suite 095
West Sonyaville PW 74317,3293.14
294,John Miller,78,9016 Lindsey Inlet
North Erin SD 20303,2226.28
295,Lori Young,80,390 Chavez Stream
Boothmouth ME 62328,5773.26
296,Blake Davenport,62,3721 Rodriguez Place Suite 944
Cameronbury ME 80804,2544.07
297,Benjamin Cox,40,4916 Lisa Cape
Turnerberg VA 60364,1749.99
298,Joseph Hall,52,664 Elizabeth Shoal
Lisastad WY 19844,5688.89
299,Jennifer Marks,92,30074 Andrew Lodge
Scottview NY 62889,4497.84
300,Veronica Espinoza,31,USNS Martinez
FPO AP 95849,6212.27
301,Jeremy Estrada,83,513 Ruiz Causeway Suite 080
Coxstad PW 24698,5908.01
302,Jill Webb,57,59463 Berry Fall
Williamshaven AR 74085,8511.67
303,Sheri Spencer,94,0269 Cooper Dam Suite 264
Novakfort OH 93599,3599.32
304,Jason Wilson,58,770 Mary Plaza Apt. 690
Johnshire TX 06864,6238.26
305,Desiree George,78,473 Nathan Creek
Crystalberg NY 39653,4438.79
306,Cindy Lowe,76,222 Amy Plain
Morganton VT 28083,1372.56
307,Michael Dixon,58,76032 Weber Drive
Lake Russell IA 27111,5380.13
308,Adam Garcia,25,7623 Andrew Street Suite 318
New Jacobburgh ID 06118,9519.94
309,Allen Knapp,92,86900 Julia Gateway
South Nathan PA 49541,4774.68
310,Joshua Harrell,33,271 Samantha Walks Suite 536
Lake Brian MN 51622,4989.28
311,Jordan Santiago,88,83506 Tiffany Wells Suite 088
North Heidiland PR 59475,3905.41
312,Beverly Campbell,51,983 Dominique Streets Apt. 099
Batesbury ME 77475,6442.0
313,Terri Hernandez,98,695 Williams Villages
South Stephenbury FL 20793,3031.95
314,James Estrada,65,PSC 5661 Box 5602
APO AA 87873,2800.63
315,Sarah Conway,36,1494 Morales Walks
Silvafort TN 33768,6689.15
316,Tracy Parks,78,286 Sean Valley Apt. 565
East Andre IA 76838,1561.45
317,James Holden,93,40018 Sarah Crescent Suite 278
Mcbrideland AS 08588,2653.87
318,Joel Bell,33,8343 Kimberly Row Apt. 738
Williamfort TX 53400,7576.63
319,Alexandra Myers,87,79279 Robert Well Suite 599
North Nathanieltown WA 57230,1801.8
320,Mrs. Emily Young,91,90623 Ortega Roads
North Lori IL 12387,3320.06
321,Troy Perez,53,183 Liu Path
Gutierrezshire OH 12383,5706.82
322,Mr. Mark Williams,35,659 Adams Unions
Wendyfort RI 28551,2227.6
323,Sara Lopez,95,5764 Mccormick Mount
East Faith TX 99339,6343.24
324,Crystal Flowers,76,129 Jesse Lock Apt. 492
New Stephanie ND 82899,4766.11
325,Brandon Khan,43,0589 Kristopher Plaza Apt. 446
Richardsonton MP 36839,1036.11
326,Bradley Randall,50,48795 Tara River Apt. 006
North Danielmouth AR 20449,2382.76
327,Melissa Burton,78,28408 Daniels Cliffs
Lake Robertfurt OH 16530,3826.75
328,Paul Torres,18,4571 Floyd Fords
Chadshire WV 80271,2024.51
329,Kathy Garza,75,005 Anderson Fort
West Ryan MP 61411,1452.72
330,Susan Salazar,65,403 Wendy Summit Apt. 587
Bellton MI 40221,9281.75
331,Lisa Perez,29,972 Valencia Mountain
North Justin IA 37338,7082.91
332,Ashley Lopez,89,23833 Thompson Tunnel
Smithfort MS 60578,3039.03
333,Natalie Lopez,53,067 Dickerson Flat
North Renee NY 07588,7994.53
334,Heidi Lopez MD,57,7748 Misty Causeway Suite 440
New Laurenport FM 71039,9731.38
335,Hannah Hughes,85,342 Tim Key
Jaychester AL 09290,3050.46
336,Ashley Foster,62,1849 William Orchard Apt. 697
Lake Melissaview FM 83460,4326.69
337,Jacob Peck,49,Unit 5494 Box 8475
DPO AA 80334,6501.41
338,Ronald Jenkins,33,3023 Becker Mill Suite 396
Lake Toni VI 11156,9249.1
339,Debra Reed,54,704 Fitzpatrick Trafficway Suite 478
East Andre LA 89835,4757.5
340,Amber Brooks,35,5017 Foster Neck
New Donaldhaven RI 94500,1733.66
341,David Patterson DVM,66,199 Robin Corners Suite 330
Lake Maria ME 13655,2827.5
342,Justin Diaz,72,4146 Stephen Land Apt. 214
Port Ashleyfurt MD 31747,3478.8
343,James Rodriguez,55,59606 Tyler Roads
Teresaton CO 74285,8192.25
344,Danny Miller,38,604 Melissa Brooks
Lake Jillian OK 69825,3479.41
345,Joel Collins,79,0701 Gina Place
New Gordon NC 86063,9365.48
346,Connie Thompson,43,5806 Cheryl Key
Stevenville AR 80090,6961.39
347,Zachary Carpenter,84,10622 Jennings Mill Suite 307
Gonzalezstad DE 80744,4388.83
348,Mrs. Kristin Hunt MD,34,5890 Phillips Mews Apt. 914
North Joy NH 15672,4511.21
349,Ashley Rowe,80,104 Lauren Lock Suite 394
Lake James DC 14764,1487.13
350,Brian Reynolds,36,618 Lynn Row Suite 770
New William WI 27760,1743.64
351,Chad White,100,173 Brown Island
Hollyfort WI 91942,5195.51
352,Brandy Jones,44,066 Houston Orchard Suite 886
East Jasminemouth TX 30718,3426.39
353,Connor Watson,83,121 Villanueva Flats
Lewisshire CA 59147,7213.68
354,Cheryl Parks,97,PSC 6149 Box 3434
APO AE 24811,3858.67
355,Emma Watson,65,84105 Wilson Wells
Scotthaven MO 24390,2972.92
356,Larry Johnson,23,73819 Martinez Springs
Port Jessica VI 11639,4761.48
357,Mr. Scott Gibson MD,22,8007 Chris Overpass Suite 157
Lake Ruth AK 49313,8347.68
358,Lee Watts,47,3529 Lucas Path
East Angela AL 36051,2165.95
359,Emily Thomas,49,195 Rachel Groves
South Megan OK 40813,6296.67
360,Elizabeth Foster,74,0875 Jordan Bypass
Shannonland NJ 06236,2183.57
361,Natalie Rodriguez,64,8808 Meyer Dam Suite 222
Lake Tracybury FM 75909,8051.99
362,Kimberly Coleman,54,588 Matthew Flats Apt. 515
Port Brandon NJ 75530,2704.58
363,Amanda Kidd,91,704 Melinda Cove
Melindamouth MN 24627,1990.79
364,Stacey Johnson,19,72643 Jesse Street Apt. 596
Lake Christophershire PR 46330,4543.41
365,Miguel Jones,39,76746 Todd Prairie Suite 809
Lake Davidchester MD 95533,5350.23
366,Jessica Young,67,26943 Bonilla Pike Apt. 028
South Katiehaven ND 36004,8638.99
367,Ashley Gonzalez,89,USNS Parker
FPO AE 85011,1280.18
368,John Clark,65,843 Stewart Underpass Apt. 280
Lake Mary MO 55374,8996.2
369,Jacob Simmons,97,5051 Key Ridge Apt. 270
South Thomas CT 46506,4630.41
370,Deborah Harris,95,0883 Williams Overpass Suite 369
Lake Jerryshire FL 69252,1720.34
371,John Blackburn,33,773 Elizabeth Garden
Joshuaborough DE 52456,3084.09
372,Holly Rodriguez,57,41778 Teresa Meadow Apt. 568
Lake Michelle NV 25214,7503.53
373,Cody Ferguson,31,86990 Mark Drive Apt. 554
South Amanda WA 43740,5851.83
374,Susan Scott,97,Unit 0455 Box 3080
DPO AA 24086,7452.42
375,Stephen Perez,67,600 Chen Shoal
Rogershaven PR 09268,9357.48
376,Stephen Malone,35,43812 Landry Streets Suite 171
Johnsonburgh RI 27440,5116.16
377,Matthew Robbins,38,681 Williams Cliffs Apt. 647
Danielsbury NM 01317,5568.39
378,Zachary Allen,51,4635 Tiffany Vista
North Derrickhaven MN 48453,2570.55
379,Kimberly Flynn,26,06078 Edwards Isle
Moorehaven WA 07429,8305.9
380,Katelyn Johnson,56,PSC 4523 Box 7448
APO AP 26970,8000.09
381,James Morrow,74,757 Jessica Passage Apt. 153
New Henry VI 35566,2506.99
382,Tammy Scott,40,2979 Spencer Ramp
West Davidchester NH 89910,3497.72
383,Ann Diaz,54,3216 Karen Rapids
Coxview PW 12986,3043.48
384,Michele Lee,85,931 Kelsey Fords Apt. 824
Timothyshire MT 98733,2322.65
385,Gerald Carpenter,21,525 Michelle Forest
New Marcuston TX 95816,7762.65
386,Todd Carpenter,95,60767 Rick Prairie Apt. 345
Amyton DE 52951,7993.26
387,Mary Brady,60,1587 Carney Mission Suite 602
New Trevorborough HI 34382,4271.96
388,Michael Rodriguez,39,926 Harrison Brooks Suite 618
Port Joshua TN 61235,8908.44
389,Maria Cole,37,5395 Vanessa Prairie
Haroldstad AR 90399,9749.62
390,Carl Perez,65,Unit 6058 Box 1391
DPO AA 17655,8124.71
391,Lucas Dennis,82,PSC 0025 Box 2382
APO AP 63038,6552.68
392,Joann Alvarez,85,9732 Elliott Unions Apt. 353
East Josebury NM 83947,9129.13
393,Michelle Hamilton,61,42261 Bailey Circle
New Emilyburgh CO 21711,3410.23
394,Jodi Yang,28,99588 Joshua Meadows Apt. 803
Port Vincentland CT 87397,7431.97
395,Melinda Scott,90,27801 George Mews Apt. 556
Ambershire NY 88220,5770.03
396,David Goodman,47,4361 Wayne Plaza Apt. 814
West Brandonmouth FL 55774,6491.2
397,Joel Meza,62,Unit 1877 Box 0302
DPO AA 39875,8108.93
398,Shirley Griffin,39,4182 Cheryl Forks
East Jasonton MI 66521,9028.14
399,Nicholas Young,39,68775 Briana Port Suite 792
Hughesview MN 87570,2558.86
400,Jeremy Cabrera,41,71889 Nicole Drive
Hernandezhaven HI 45814,4468.46
401,Tanner Ferguson,66,0602 Mejia Walk
Pooleside CA 80139,7294.26
402,Eric Wells,59,5788 Matthew Junction Suite 057
Terrancemouth GA 05191,6673.67
403,Michael Burns,87,1108 Norris Bypass
Jamieborough PA 43556,1944.74
404,Nathaniel Jackson,94,4081 Walters Square Suite 494
Lake Jasonville AK 64281,8697.14
405,Brittney Silva,61,904 Elliott Springs Suite 216
West Kimberlychester MI 57462,7671.07
406,Donald Garrett,23,315 Jonathan Circle Suite 036
West Kevin CA 11263,3642.92
407,Sheri Guzman,52,PSC 1894 Box 4849
APO AA 53960,2186.47
408,James Campbell,67,09547 Paul Village Apt. 291
South Robert VT 92738,5755.34
409,Marcus Peterson,52,533 Thomas Springs
Port Shirley CO 58336,1319.24
410,Emily Cooper,48,77593 Gibson Courts Suite 883
Hallshire AZ 58604,1439.87
411,Vincent Ford,42,04843 Smith Harbors
North Ryanview WA 30217,8952.22
412,Jasmine Hancock,79,5670 Sheila Crest Suite 082
South Valerieshire RI 23149,8569.69
413,Matthew Gonzales,79,Unit 3116 Box 1931
DPO AP 92499,3956.98
414,Travis Wright,98,804 Eric Village
East Stacey LA 16843,2582.55
415,Jasmine Espinoza,23,222 Smith Mountain
Lake Matthewland ND 68498,9501.8
416,Jason Wilson,28,USNS Ford
FPO AE 51843,8209.87
417,David Stone,42,497 Angela Brook Apt. 026
North Rachelstad NY 24305,2117.62
418,Joann Parker,73,902 Elaine View
North Melissa MP 73114,7539.48
419,Bryan Ibarra,76,PSC 0735 Box 6895
APO AA 76871,8518.05
420,Steven Padilla,89,USS Harrison
FPO AP 14980,3449.5
421,Randall Chavez,32,148 Roberts Springs Apt. 467
North Ashleymouth LA 15205,1867.56
422,Melanie Green,52,567 Caroline Valley
East Joshua AR 52801,3284.32
423,Eric Peters,24,428 Griffin Prairie Suite 245
Bethville NJ 56568,1410.17
424,Donald Smith,74,83157 Danielle Port Apt. 246
East Kaylaberg MD 36848,3581.67
425,Lauren Pierce,45,201 Catherine Spur Suite 473
Port Michaelberg UT 40851,3908.54
426,Alyssa Singh,46,3394 Little Oval
Lake Tony NM 33378,6451.93
427,Heidi Gutierrez,70,04426 Paul Land Suite 757
Campbellland WY 21454,4538.55
428,Laura Brown,94,67564 Fleming Hills
Dennisville IA 16597,8552.39
429,Richard Brown,54,909 Brown Isle Suite 899
South Sherichester CA 93245,7590.24
430,Lisa Armstrong,58,8754 Williams Drive Suite 170
Christinafurt TN 46139,2090.88
431,Marissa Brock,92,02809 Martinez River
Port Brandiberg NE 84008,3114.44
432,Grant Collins,53,36653 Charles Club Apt. 073
Lake Sophia SD 38550,2967.57
433,Richard Blackburn,27,7284 Melissa Well Suite 317
New Taylorbury LA 26675,9814.53
434,Andrew Nguyen,98,Unit 1599 Box 0159
DPO AA 59128,8418.91
435,Jennifer Molina,21,694 David Prairie Apt. 440
Port Lisaside MS 86032,3518.34
436,Katherine Joyce,42,Unit 3646 Box 8535
DPO AP 22180,3826.95
437,Kristen Mahoney,31,5797 Fields Corner
Lake Heidi OK 80607,4814.41
438,Victoria Duncan,29,016 Sampson Garden
Larrybury LA 99048,6200.1
439,Brittany Harris,96,284 Moore Centers Apt. 689
Port Shannonmouth PA 43208,5315.44
440,Yolanda Walker,96,59346 Catherine Forest
Floresberg MH 31313,1902.93
441,Paul Melendez,32,436 Martinez Extension Suite 685
Lewischester AZ 49632,6860.34
442,Micheal Taylor,89,32553 Huffman Garden Apt. 290
Mooretown OK 76521,3917.5
443,Brooke Morris,45,44677 Ashley Ferry Apt. 183
Davidburgh PA 30098,8709.08
444,Casey Hahn,83,4064 Smith Stream Apt. 024
Lanceberg GU 73759,1435.15
445,Kendra Barron,30,3524 William Ville
South Deborahberg WY 81844,1258.5
446,Stephen Jackson,83,2713 Stephen Coves
Port Andreaville NY 10436,6538.58
447,Shelly Montgomery,53,92591 Vanessa Mills
Port Alexis FM 21946,8973.23
448,Gail Martin,71,71967 Steven Squares Suite 375
Markfurt CO 46677,5843.67
449,Gerald Garcia,31,441 James Inlet
South Darinville KY 13520,2297.36
450,Jessica Shaffer,30,703 Lozano Expressway
Port Kathryntown MS 14632,4400.91
451,Timothy Wiley,35,99357 Daniels Crescent
West Jamesville MD 83635,7001.85
452,Nicole Meyer,66,4994 Gary Plain Suite 042
Karenburgh ND 80441,4870.17
453,Kelly Mason,78,2281 Cole Rest
Collinschester AL 43549,6810.3
454,Cynthia Delgado,66,151 Walker Overpass
Karenborough CT 47014,2364.78
455,Ryan Wiggins,56,49364 April Ridge
New Jesse TX 96786,3875.34
456,Teresa Murillo,73,8410 Johnson Crest Apt. 322
East David MS 88463,9959.9
457,Laura Scott,22,Unit 6606 Box 1127
DPO AP 23036,5192.11
458,James Dunlap,84,1876 Clark Landing Suite 431
Williamshire OR 27047,9292.68
459,Bailey Hayes DVM,82,803 Cook Burgs
Lake Donnaberg MO 95921,5034.31
460,Anna Marsh,77,5775 Tate Groves
Cynthiamouth TN 50641,4478.96
461,Erika Hinton,56,82337 Christopher Point
Ryanfurt IN 75165,3493.57
462,Andrew Vaughan,63,622 Lewis Falls Apt. 943
South Wandahaven AR 17410,3516.81
463,Bethany Cooper,25,5272 Phillips Loaf Apt. 989
Ambertown MP 51399,1645.57
464,Sarah Walter,57,073 Zhang Village
New Gloria VI 72345,4688.21
465,Christine Bowen,67,562 Hoffman Fort
West Jodi AL 87863,7769.05
466,Paige Bryant,84,704 Johnson Shoals Suite 815
Michaelmouth KY 99521,3080.43
467,Jeffrey Cline,83,Unit 2838 Box 1517
DPO AP 98575,5089.39
468,Beverly White,18,USNS Smith
FPO AE 51407,2338.04
469,Anne Thompson,92,PSC 9530 Box 8898
APO AA 55380,3863.12
470,Amber Sanchez,57,7891 Samuel Shoal
Fisherview OK 51712,1268.83
471,Holly Johnson,24,232 Richard Views Apt. 359
Jonesport CT 05634,4416.44
472,Danielle Sanders,37,808 Cook Tunnel Apt. 094
West Richard GA 88640,3234.27
473,Taylor Hudson,33,719 Frank Ville
Goodmanburgh OK 77738,9499.33
474,Thomas Blackburn,69,757 Church Villages
North James SC 02420,1711.15
475,Dawn Velazquez,75,12597 James Lakes Apt. 664
East Dustinmouth NJ 42231,2190.05
476,Rebecca Elliott,49,70026 Rebecca Trace
Lake Stephanie KY 53662,3171.26
477,Tiffany Velez,51,520 Angela Harbor Suite 478
Floydfurt NY 57248,7240.43
478,Maria Campbell,40,734 Larson Highway
Boylestad HI 12779,5392.68
479,Andrea Peterson,85,PSC 8970 Box 9084
APO AE 33645,9562.46
480,Maria Howard,35,3888 Campbell Mountain
Port Gabrielfort ID 80707,4646.55
481,Stacy Mullins,84,990 Jason Trace Apt. 455
Davidsonmouth IN 27472,5977.58
482,Melissa Moon,84,709 Matthew Junction Apt. 519
Nicoleview MA 50478,8584.62
483,Dana Hernandez,32,73283 Buck Knolls
North Matthew ID 27745,2421.11
484,Krista Hensley MD,95,201 Berg Underpass Suite 730
Brianburgh FM 18181,9343.86
485,Teresa Jones,49,133 Susan Manor
North Kimberlyville ND 67579,3836.91
486,Jeremy Nelson,28,419 Joshua Shore
Harveyside MN 88855,3053.4
487,Michael Martinez,63,7422 Jenny Squares
Pughside MD 43675,9901.19
488,Natasha Bell,20,87160 Teresa Tunnel
North Crystal AR 01776,7965.45
489,Christina Larson,50,286 Christopher Motorway Suite 153
Lake Troy PW 67125,7008.08
490,Molly Lopez,30,2257 Matthew Creek
Lake Meagan PR 56618,7141.19
491,Charles Barrett,24,34779 Christopher Tunnel
East Meganberg HI 89895,8942.59
492,Melvin King,34,16276 Gonzalez Meadow Apt. 536
South John ID 98187,5408.55
493,Lauren Davenport,69,77905 Monica Ports Suite 743
New Lauraburgh OK 70043,7212.01
494,Sandra Tucker,45,363 Sullivan Street Suite 471
Marcusville VT 39066,7613.78
495,Charles Jacobs,75,USCGC Hall
FPO AP 14991,5307.14
496,James Roberts,48,054 Howard Harbors
Port Angelafort WI 57049,5565.21
497,Elizabeth Bennett,49,57718 Eric Park Suite 701
Andreaburgh WA 55207,7042.86
498,John Ramos,33,65066 Susan Dam Suite 879
Thomastown MT 31160,8429.9
499,Taylor Smith,86,8466 Jessica Roads
Larryfurt DE 16160,9513.91
500,Brandy Anderson,94,0477 Harris Viaduct Apt. 692
Lake Mariahaven OH 51828,9956.28
